"subreddit","title","selftext","url","sentiment","upvotes","created_at"
CryptoCurrency,Moon Week 50,"Hello everyone and welcome to Moon Week for round 50 of Moons! For more information about Moons, ple",https://www.reddit.com/r/CryptoCurrency/comments/1dngdfu/moon_week_50/,0.9897,36,2024-06-24 11:33:28,2024-06-28 01:33:39
CryptoCurrency,"Daily Crypto Discussion - June 28, 2024 (GMT+0)",**Welcome to the Daily Crypto Discussion thread. Please read the disclaimer and rules before partici,https://www.reddit.com/r/CryptoCurrency/comments/1dq60jy/daily_crypto_discussion_june_28_2024_gmt0/,0.9539,4,2024-06-27 20:00:21,2024-06-28 01:33:39
CryptoCurrency,Logan Paul Sues YouTuber Coffeezilla Over CryptoZoo Coverage,,https://www.reddit.com/r/CryptoCurrency/comments/1dpznpk/logan_paul_sues_youtuber_coffeezilla_over/,0.0,1270,2024-06-27 15:21:07,2024-06-28 01:33:39
CryptoCurrency,"‘Hawk Tuah’ crypto token soars 1,300% in a week",,https://www.reddit.com/r/CryptoCurrency/comments/1dpq5rc/hawk_tuah_crypto_token_soars_1300_in_a_week/,0.0,295,2024-06-27 08:31:54,2024-06-28 01:33:39
CryptoCurrency,"Bitcoin Wholecoiners Exceed 1 Million, Over $265 Billion Needed For BTC To Break $74,000",,https://www.reddit.com/r/CryptoCurrency/comments/1dq32rm/bitcoin_wholecoiners_exceed_1_million_over_265/,0.0,53,2024-06-27 17:45:01,2024-06-28 01:33:39
CryptoCurrency,"Scaramucci Backs Biden, Warning Against Trump’s Crypto Policy",,https://www.reddit.com/r/CryptoCurrency/comments/1dpz475/scaramucci_backs_biden_warning_against_trumps/,-0.3818,67,2024-06-27 14:58:36,2024-06-28 01:33:39
CryptoCurrency,Dormant Bitcoin miner sends $3m to Binance after 14 years of inactivity,,https://www.reddit.com/r/CryptoCurrency/comments/1dpnzjq/dormant_bitcoin_miner_sends_3m_to_binance_after/,0.0,272,2024-06-27 06:26:57,2024-06-28 01:33:39
CryptoCurrency,‘Groundbreaking’ Bitcoin Bill Introduced To Congress After Crypto Price Crash,,https://www.reddit.com/r/CryptoCurrency/comments/1dpqquh/groundbreaking_bitcoin_bill_introduced_to/,-0.4019,83,2024-06-27 09:02:05,2024-06-28 01:33:39
CryptoCurrency,"Bitcoin whale donates 8 BTC to Julian Assange, covers private jet costs",,https://www.reddit.com/r/CryptoCurrency/comments/1dp79zv/bitcoin_whale_donates_8_btc_to_julian_assange/,0.0,2007,2024-06-26 15:30:45,2024-06-28 01:33:39
CryptoCurrency,Coinbase sues SEC and FDIC for crypto regulatory clarity,,https://www.reddit.com/r/CryptoCurrency/comments/1dpqxvv/coinbase_sues_sec_and_fdic_for_crypto_regulatory/,0.4019,72,2024-06-27 09:11:37,2024-06-28 01:33:39
CryptoCurrency,Vaneck has applied for a Solana ETF!,"Someone asked the director digital assets on twitter if this was an ETF or a Trust, he responded “bo",https://www.reddit.com/r/CryptoCurrency/comments/1dprnf7/vaneck_has_applied_for_a_solana_etf/,0.6476,62,2024-06-27 09:44:54,2024-06-28 01:33:39
CryptoCurrency,"2 years ago today, crypto hedge fund 3AC is ordered into bankruptcy. Today, its investors are still owed billions",,https://www.reddit.com/r/CryptoCurrency/comments/1dpp2yp/2_years_ago_today_crypto_hedge_fund_3ac_is/,0.0,57,2024-06-27 07:33:47,2024-06-28 01:33:39
CryptoCurrency,Decipher Day 01 Recap - Or what is happening on Algorand!,"For those that don't know, Algorand has a professional run blockchain event called Decipher. This ye",https://www.reddit.com/r/CryptoCurrency/comments/1dpvi12/decipher_day_01_recap_or_what_is_happening_on/,0.9834,16,2024-06-27 12:29:21,2024-06-28 01:33:39
CryptoCurrency,"US government transfers 4,000 BTC to Coinbase",,https://www.reddit.com/r/CryptoCurrency/comments/1dp5uxl/us_government_transfers_4000_btc_to_coinbase/,0.0,741,2024-06-26 14:32:04,2024-06-28 01:33:39
CryptoCurrency,"A Bitcoin Miner from the Early Days of Bitcoin, Known as the 'Satoshi Era', Awakened from His 14-Year Sleep!",,https://www.reddit.com/r/CryptoCurrency/comments/1dpt16e/a_bitcoin_miner_from_the_early_days_of_bitcoin/,0.0,16,2024-06-27 10:46:07,2024-06-28 01:33:39
CryptoCurrency,"VanEck Files for Solana ETF, SOL Rises 8%",,https://www.reddit.com/r/CryptoCurrency/comments/1dq4n08/vaneck_files_for_solana_etf_sol_rises_8/,0.0,4,2024-06-27 18:56:03,2024-06-28 01:33:39
CryptoCurrency,Coinbase opts out of ASI token migration as $7.5B merger proceeds,,https://www.reddit.com/r/CryptoCurrency/comments/1dpx87u/coinbase_opts_out_of_asi_token_migration_as_75b/,0.0,7,2024-06-27 13:40:09,2024-06-28 01:33:39
CryptoCurrency,I bought meme coins a few years back and forgot about them,"Well it was a dumb move, I had just started learning about the markets and bought some meme coins fo",https://www.reddit.com/r/CryptoCurrency/comments/1dpkcmu/i_bought_meme_coins_a_few_years_back_and_forgot/,0.8591,59,2024-06-27 02:12:25,2024-06-28 01:33:39
CryptoCurrency,Bitcoin wobbles on sell fears as US moves $240M worth of Bitcoin to Coinbase address - CoinJournal,,https://www.reddit.com/r/CryptoCurrency/comments/1dq26rx/bitcoin_wobbles_on_sell_fears_as_us_moves_240m/,-0.2263,3,2024-06-27 17:07:12,2024-06-28 01:33:39
CryptoCurrency,Arbitrum (ARB) Price Poised to Chart a New All-Time Low,,https://www.reddit.com/r/CryptoCurrency/comments/1dq16bk/arbitrum_arb_price_poised_to_chart_a_new_alltime/,-0.0258,3,2024-06-27 16:25:08,2024-06-28 01:33:39
CryptoCurrency,Coinbase opts out of ASI token merger migration,,https://www.reddit.com/r/CryptoCurrency/comments/1dpg5xx/coinbase_opts_out_of_asi_token_merger_migration/,0.0,60,2024-06-26 22:13:01,2024-06-28 01:33:39
CryptoCurrency,How do I access my Year-End Tax papers from BlockFi now that the platform has been shut down!?,Ok so I received a notice from the IRS *today* that requires information from 2022 end of year forms,https://www.reddit.com/r/CryptoCurrency/comments/1dq0u6k/how_do_i_access_my_yearend_tax_papers_from/,-0.2677,1,2024-06-27 16:11:15,2024-06-28 01:33:39
CryptoCurrency,Robert Kiyosaki Bought 60 Bitcoins at $6K — Now Buys BTC Every Month,,https://www.reddit.com/r/CryptoCurrency/comments/1dq5cb3/robert_kiyosaki_bought_60_bitcoins_at_6k_now_buys/,0.0,1,2024-06-27 19:28:43,2024-06-28 01:33:39
CryptoCurrency,SEC could approve spot Ethereum ETFs by July 4: report,,https://www.reddit.com/r/CryptoCurrency/comments/1dphi6c/sec_could_approve_spot_ethereum_etfs_by_july_4/,0.0,37,2024-06-26 23:23:11,2024-06-28 01:33:39
CryptoCurrency,Best way to withdraw USDT to a USD bank account?,My new employer is going to pay my entire salary in USDT. I will need to regularly convert USDT to U,https://www.reddit.com/r/CryptoCurrency/comments/1dq4pej/best_way_to_withdraw_usdt_to_a_usd_bank_account/,0.9003,0,2024-06-27 18:59:10,2024-06-28 01:33:39
CryptoCurrency,Web3 Blight - Chase Consumers NOT Investors,,https://www.reddit.com/r/CryptoCurrency/comments/1dq2z7i/web3_blight_chase_consumers_not_investors/,0.0,1,2024-06-27 17:40:49,2024-06-28 01:33:39
CryptoCurrency,Coffeezilla the Movie,,https://www.reddit.com/r/CryptoCurrency/comments/1dq2rak/coffeezilla_the_movie/,0.0,0,2024-06-27 17:31:27,2024-06-28 01:33:39
CryptoCurrency,Why so many e-shops offer HUGE discounts if order is paid in crypto?,"10%, 15% sometimes 20 and even 25% off entire order if you choose crypto as a method of payment! Whe",https://www.reddit.com/r/CryptoCurrency/comments/1dpe7j2/why_so_many_eshops_offer_huge_discounts_if_order/,0.8946,42,2024-06-26 20:34:34,2024-06-28 01:33:39
CryptoCurrency,US offers $5M reward for elusive OneCoin CEO Ignatova,The U.S. Department of State has offered a reward of up to $5 million for information leading to the,https://www.reddit.com/r/CryptoCurrency/comments/1dpe0y7/us_offers_5m_reward_for_elusive_onecoin_ceo/,0.7269,45,2024-06-26 20:25:41,2024-06-28 01:33:39
CryptoCurrency,Coffeezilla confronting boogie2988 on crypto scam,,https://www.reddit.com/r/CryptoCurrency/comments/1dq1x1u/coffeezilla_confronting_boogie2988_on_crypto_scam/,-0.6486,1,2024-06-27 16:55:41,2024-06-28 01:33:39
CryptoCurrency,Paradigm calls European markets regulator to show nuance regarding MEV,,https://www.reddit.com/r/CryptoCurrency/comments/1dq0fpn/paradigm_calls_european_markets_regulator_to_show/,0.0,1,2024-06-27 15:54:21,2024-06-28 01:33:39
CryptoCurrency,How does shopping online with ETH work in 2024?,Years ago there was a lot of talk about how crypto is going to replace banks and become an easy way ,https://www.reddit.com/r/CryptoCurrency/comments/1dpuv8l/how_does_shopping_online_with_eth_work_in_2024/,0.9607,2,2024-06-27 12:02:57,2024-06-28 01:33:39
CryptoCurrency,Cyber Attackers Target Cryptocurrency Exchanges for Massive Gains,,https://www.reddit.com/r/CryptoCurrency/comments/1dpusak/cyber_attackers_target_cryptocurrency_exchanges/,-0.3182,1,2024-06-27 11:59:51,2024-06-28 01:33:39
CryptoCurrency,"US spot bitcoin ETFs report $21.5 million in net inflows, extending positive streak",,https://www.reddit.com/r/CryptoCurrency/comments/1dpj6yr/us_spot_bitcoin_etfs_report_215_million_in_net/,0.5574,14,2024-06-27 00:58:47,2024-06-28 01:33:39
CryptoCurrency,"Looking to switch from my old Ledger Nano S to a newer, more secure hardware wallet.","Ledger doesn't have the best track record when it comes to security. Trezor, so far, has been pretty",https://www.reddit.com/r/CryptoCurrency/comments/1dpz3px/looking_to_switch_from_my_old_ledger_nano_s_to_a/,0.9799,0,2024-06-27 14:58:03,2024-06-28 01:33:39
CryptoCurrency,Telegram-Based Notcoin Burns 210 Million Tokens Amid Positive Recovery,,https://www.reddit.com/r/CryptoCurrency/comments/1dq31ki/telegrambased_notcoin_burns_210_million_tokens/,0.5574,0,2024-06-27 17:43:35,2024-06-28 01:33:39
CryptoCurrency,Vitalik Buterin introduces tool for anonymous online voting,,https://www.reddit.com/r/CryptoCurrency/comments/1dp3tfj/vitalik_buterin_introduces_tool_for_anonymous/,0.0,92,2024-06-26 13:07:05,2024-06-28 01:33:39
CryptoCurrency,"Solana ETFs and Huge SOL Gains a Real Possibility Under Trump, Major Crypto Trader Says",,https://www.reddit.com/r/CryptoCurrency/comments/1dq77u9/solana_etfs_and_huge_sol_gains_a_real_possibility/,0.5719,0,2024-06-27 20:59:47,2024-06-28 01:33:39
CryptoCurrency,"Daily Crypto Discussion - June 27, 2024 (GMT+0)",**Welcome to the Daily Crypto Discussion thread. Please read the disclaimer and rules before partici,https://www.reddit.com/r/CryptoCurrency/comments/1dpdhy9/daily_crypto_discussion_june_27_2024_gmt0/,0.9539,23,2024-06-26 20:00:25,2024-06-28 01:33:39
CryptoCurrency,What app should I use to invest in crypto?,I already have a round $600 or so in BTC on cash app but was wondering if there are better apps I co,https://www.reddit.com/r/CryptoCurrency/comments/1dq2g80/what_app_should_i_use_to_invest_in_crypto/,0.9819,0,2024-06-27 17:18:33,2024-06-28 01:33:39
CryptoCurrency,Cardano Unfazed By Failed DDoS Attack Targeting Staked ADA,,https://www.reddit.com/r/CryptoCurrency/comments/1douyqu/cardano_unfazed_by_failed_ddos_attack_targeting/,-0.7506,212,2024-06-26 06:05:52,2024-06-28 01:33:39
CryptoCurrency,The Psychology of the Bitcoin Wholecoiner: FOMO or HODL?,,https://www.reddit.com/r/CryptoCurrency/comments/1dpslss/the_psychology_of_the_bitcoin_wholecoiner_fomo_or/,0.0,3,2024-06-27 10:27:18,2024-06-28 01:33:39
CryptoCurrency,Ethereum’s supply has been inflating for 73 days straight,"The supply of new Ether is in its most extended inflationary spell since the Merge in 2022, and the ",https://www.reddit.com/r/CryptoCurrency/comments/1dosjtd/ethereums_supply_has_been_inflating_for_73_days/,0.4939,304,2024-06-26 03:13:48,2024-06-28 01:33:39
CryptoCurrency,Crypto Market Braces for Volatility as $10B in Bitcoin and Ether Options Set to Expire | CoinMarketCap,Bitcoin (BTC) options worth $6.68 billion and Ethereum (ETH) options worth $3.5 billion are slated t,https://www.reddit.com/r/CryptoCurrency/comments/1dpnz45/crypto_market_braces_for_volatility_as_10b_in/,0.7845,1,2024-06-27 06:26:13,2024-06-28 01:33:39
CryptoCurrency,Bullish? USDC Stablecoin Hits One-Year High in Net Inflows on Crypto Exchanges,,https://www.reddit.com/r/CryptoCurrency/comments/1dpeb2j/bullish_usdc_stablecoin_hits_oneyear_high_in_net/,0.0,13,2024-06-26 20:39:21,2024-06-28 01:33:39
CryptoCurrency,Looking for help getting started. I'm trying very hard to understand but there's SO much jargon. I need to make sure I understand the basics correctly.,"Hey everyone, hoping I can learn something from this. I've never done anything with crypto before bu",https://www.reddit.com/r/CryptoCurrency/comments/1dpfyos/looking_for_help_getting_started_im_trying_very/,0.9914,9,2024-06-26 22:03:01,2024-06-28 01:33:39
CryptoCurrency,Tezos X: A Vision for the Future of Blockchain - XTZ News,"Today, Tezos X has been unveiled, presenting a forward-looking vision for Tezos that marks a signifi",https://www.reddit.com/r/CryptoCurrency/comments/1dpqt2r/tezos_x_a_vision_for_the_future_of_blockchain_xtz/,0.81,0,2024-06-27 09:05:10,2024-06-28 01:33:39
CryptoCurrency,Metallica Joins Growing List of Hacked Celebs Promoting Scam Crypto Tokens,,https://www.reddit.com/r/CryptoCurrency/comments/1doxooc/metallica_joins_growing_list_of_hacked_celebs/,-0.4939,88,2024-06-26 08:43:12,2024-06-28 01:33:39
CryptoCurrency,"Argentinian President Javier Milei Advocates For Bitcoin, Opening Doors To Digital Currency Revolution",,https://www.reddit.com/r/CryptoCurrency/comments/1dp0bsk/argentinian_president_javier_milei_advocates_for/,0.0,48,2024-06-26 10:44:34,2024-06-28 01:33:39
CryptoCurrency,It was just announced at Decipher 24 that Mastercard and Pera Wallet have partnered to make USDCA spendable with any merchant that accepts MC,I think this announcement is a significant milestone for the widespread adoption of cryptocurrency b,https://www.reddit.com/r/CryptoCurrency/comments/1doyeej/it_was_just_announced_at_decipher_24_that/,0.3176,58,2024-06-26 09:17:35,2024-06-28 01:33:39
CryptoCurrency,Vitalik Buterin backs new Ethereum-compatible chain MegaETH in $20M round,,https://www.reddit.com/r/CryptoCurrency/comments/1dpzeba/vitalik_buterin_backs_new_ethereumcompatible/,-0.0516,0,2024-06-27 15:10:08,2024-06-28 01:33:39
CryptoCurrency,Marathon Digital Holdings Announces Kaspa Mining Operations,,https://www.reddit.com/r/CryptoCurrency/comments/1dp8n64/marathon_digital_holdings_announces_kaspa_mining/,0.0,12,2024-06-26 16:27:34,2024-06-28 01:33:39
CryptoCurrency,Dfinity announces new ICP-powered platform to tackle cybersecurity,,https://www.reddit.com/r/CryptoCurrency/comments/1dpwri2/dfinity_announces_new_icppowered_platform_to/,0.0,0,2024-06-27 13:21:02,2024-06-28 01:33:39
CryptoCurrency,XRP bros….it’s over,https://x.com/nullpackets/status/1805789896466219365?s=46&amp;t=eQizEKvC83HsvHpxkZyOAQ https://www.y,https://www.reddit.com/r/CryptoCurrency/comments/1dop6n5/xrp_brosits_over/,0.9681,254,2024-06-25 23:43:33,2024-06-28 01:33:39
CryptoCurrency,AI Tokens Surge Despite Nvidia’s $430 Billion Market Cap Loss,,https://www.reddit.com/r/CryptoCurrency/comments/1dotl79/ai_tokens_surge_despite_nvidias_430_billion/,-0.3182,98,2024-06-26 04:29:11,2024-06-28 01:33:39
CryptoCurrency,Interview: Algorand launches LiquidAuth to combat WalletConnect vulnerability,,https://www.reddit.com/r/CryptoCurrency/comments/1dozugj/interview_algorand_launches_liquidauth_to_combat/,-0.5106,28,2024-06-26 10:23:26,2024-06-28 01:33:39
CryptoCurrency,Exodus wallet is either compromised or stealing.,"Just a head's up, I've been in this game a while and Exodus forced an update some time back and when",https://www.reddit.com/r/CryptoCurrency/comments/1dp7oc6/exodus_wallet_is_either_compromised_or_stealing/,-0.9442,7,2024-06-26 15:46:48,2024-06-28 01:33:39
CryptoCurrency,Telegram mini-app devs can now earn Toncoin with Adsgram,,https://www.reddit.com/r/CryptoCurrency/comments/1dpoqzq/telegram_miniapp_devs_can_now_earn_toncoin_with/,0.0,0,2024-06-27 07:13:57,2024-06-28 01:33:39
CryptoCurrency,Cardano DDoS attempt ends with attacker losing funds,Yesterday an attack was attempted on the Cardano blockchain. The attacker used reference scripts to ,https://www.reddit.com/r/CryptoCurrency/comments/1dosl26/cardano_ddos_attempt_ends_with_attacker_losing/,-0.99,84,2024-06-26 03:16:05,2024-06-28 01:33:39
CryptoCurrency,Will technical analysis rid crypto trading of speculation?,"Technical analysis in crypto distinguishes profitable trading from speculation what has a big sense,",https://www.reddit.com/r/CryptoCurrency/comments/1dp12kj/will_technical_analysis_rid_crypto_trading_of/,0.9842,17,2024-06-26 11:15:45,2024-06-28 01:33:39
CryptoCurrency,PEPE Holder Loses 3.5M After 700B Binance Splash,,https://www.reddit.com/r/CryptoCurrency/comments/1dp9vfe/pepe_holder_loses_35m_after_700b_binance_splash/,-0.3182,4,2024-06-26 17:18:45,2024-06-28 01:33:39
CryptoCurrency,Is BTC and ETH the only reasonable one’s? And a few other questions,"Hey, I’m very young and very new to this space. I’d be very happy to be answered as if I were 5. So,",https://www.reddit.com/r/CryptoCurrency/comments/1dor8u3/is_btc_and_eth_the_only_reasonable_ones_and_a_few/,0.96,78,2024-06-26 01:46:13,2024-06-28 01:33:39
CryptoCurrency,Looking for advice on lending protocols like AAVE and Compound.,I'm hoping someone can give advice/feedback/thoughts on using a lending protocol as a place to stash,https://www.reddit.com/r/CryptoCurrency/comments/1dpnodw/looking_for_advice_on_lending_protocols_like_aave/,0.9582,0,2024-06-27 06:06:36,2024-06-28 01:33:39
CryptoCurrency,Synternet Mainnet is Now Live with Monaco Launch,,https://www.reddit.com/r/CryptoCurrency/comments/1dpqxfv/synternet_mainnet_is_now_live_with_monaco_launch/,0.0,0,2024-06-27 09:11:02,2024-06-28 01:33:39
CryptoCurrency,Looking to try my luck at music NFTs,"Exactly what the title says. Been trying to make money with music for 20 years, and while streaming ",https://www.reddit.com/r/CryptoCurrency/comments/1dpgjpg/looking_to_try_my_luck_at_music_nfts/,0.8474,0,2024-06-26 22:32:27,2024-06-28 01:33:39
CryptoCurrency,54% of institutional investors in Japan plan to invest in crypto: Survey,,https://www.reddit.com/r/CryptoCurrency/comments/1doxl7c/54_of_institutional_investors_in_japan_plan_to/,0.0,13,2024-06-26 08:38:32,2024-06-28 01:33:39
CryptoCurrency,Nigeria rejects US lawmakers’ report ailing Binance exec isn’t getting care,,https://www.reddit.com/r/CryptoCurrency/comments/1dpfgkl/nigeria_rejects_us_lawmakers_report_ailing/,0.0,1,2024-06-26 21:37:48,2024-06-28 01:33:39
CryptoCurrency,Mt. Gox Redemption Fears ‘Overblown’ Say Traders as $10B BTC Holdings Draw Concerns,,https://www.reddit.com/r/CryptoCurrency/comments/1dopigf/mt_gox_redemption_fears_overblown_say_traders_as/,-0.4215,35,2024-06-26 00:01:19,2024-06-28 01:33:39
CryptoCurrency,Smash Mouth - All Star (Crypto Parody),,https://www.reddit.com/r/CryptoCurrency/comments/1dpc45m/smash_mouth_all_star_crypto_parody/,0.0,0,2024-06-26 18:56:01,2024-06-28 01:33:39
CryptoCurrency,Is Michael Saylor hinting at KASPA?,"[Recently, MARA has announced that they have been mining KASPA and will increase the hash rate in Q3",https://www.reddit.com/r/CryptoCurrency/comments/1dppqhg/is_michael_saylor_hinting_at_kaspa/,-0.6986,0,2024-06-27 08:09:19,2024-06-28 01:33:39
CryptoCurrency,FBI Warns of crypto scammers posing as law firms to help victims of fraud | Invezz,,https://www.reddit.com/r/CryptoCurrency/comments/1dot2hv/fbi_warns_of_crypto_scammers_posing_as_law_firms/,-0.5859,13,2024-06-26 03:51:15,2024-06-28 01:33:39
CryptoCurrency,Coinbase has enabled send and receive support for USDC on Algorand,"As per the official Coinbase Assets X account, they have enabled send and receive support for USDC o",https://www.reddit.com/r/CryptoCurrency/comments/1dodzo0/coinbase_has_enabled_send_and_receive_support_for/,0.7269,131,2024-06-25 15:07:08,2024-06-28 01:33:39
CryptoCurrency,Florida man convicted in cryptocurrency theft home invasions,,https://www.reddit.com/r/CryptoCurrency/comments/1dp4gwd/florida_man_convicted_in_cryptocurrency_theft/,0.0,3,2024-06-26 13:34:15,2024-06-28 01:33:39
CryptoCurrency,'It will soon be confirmed that Ethereum is not a security': Galaxy,,https://www.reddit.com/r/CryptoCurrency/comments/1do5119/it_will_soon_be_confirmed_that_ethereum_is_not_a/,-0.2584,338,2024-06-25 08:40:53,2024-06-28 01:33:39
CryptoCurrency,New Filing Boosts Confidence in July Ethereum ETF Approvals,,https://www.reddit.com/r/CryptoCurrency/comments/1dos6ih/new_filing_boosts_confidence_in_july_ethereum_etf/,0.6808,7,2024-06-26 02:48:57,2024-06-28 01:33:39
CryptoCurrency,SEC chair Gensler criticizes crypto sector for non-compliance and 'high centralization',,https://www.reddit.com/r/CryptoCurrency/comments/1dolvjk/sec_chair_gensler_criticizes_crypto_sector_for/,-0.34,19,2024-06-25 20:53:34,2024-06-28 01:33:39
CryptoCurrency,Still the best explanation I've seen,,https://www.reddit.com/r/CryptoCurrency/comments/1do3vd4/still_the_best_explanation_ive_seen/,0.6369,245,2024-06-25 07:37:44,2024-06-28 01:33:39
CryptoCurrency,"Daily Crypto Discussion - June 26, 2024 (GMT+0)",**Welcome to the Daily Crypto Discussion thread. Please read the disclaimer and rules before partici,https://www.reddit.com/r/CryptoCurrency/comments/1doksdb/daily_crypto_discussion_june_26_2024_gmt0/,0.9539,25,2024-06-25 20:00:27,2024-06-28 01:33:39
CryptoCurrency,To those that doubt that scarcity alone is enough to give this tech VALUE,Scarcity doesn’t sound like “enough” to make value to a lot of people. But what people don’t get is ,https://www.reddit.com/r/CryptoCurrency/comments/1dpkfry/to_those_that_doubt_that_scarcity_alone_is_enough/,0.9301,0,2024-06-27 02:18:15,2024-06-28 01:33:39
CryptoCurrency,"German gov’t offloads 900 Bitcoin, with 400 BTC sent to Coinbase and Kraken",,https://www.reddit.com/r/CryptoCurrency/comments/1do2yq9/german_govt_offloads_900_bitcoin_with_400_btc/,0.0,256,2024-06-25 06:42:51,2024-06-28 01:33:39
CryptoCurrency,"Crypto Fear and Greed Index hits 30, lowest level in 18 months",,https://www.reddit.com/r/CryptoCurrency/comments/1do538g/crypto_fear_and_greed_index_hits_30_lowest_level/,-0.8176,148,2024-06-25 08:43:53,2024-06-28 01:33:39
CryptoCurrency,German Government's Large-Scale Bitcoin Transactions Impact Crypto Market,,https://www.reddit.com/r/CryptoCurrency/comments/1dp0xb5/german_governments_largescale_bitcoin/,0.0,1,2024-06-26 11:09:53,2024-06-28 01:33:39
CryptoCurrency,FTX customers to vote on bankruptcy repayment plan,,https://www.reddit.com/r/CryptoCurrency/comments/1dojesv/ftx_customers_to_vote_on_bankruptcy_repayment_plan/,0.0,14,2024-06-25 18:57:02,2024-06-28 01:33:39
CryptoCurrency,TRON Overthrows SHIB as Justin Sun Makes Use of Ethereum Dip,,https://www.reddit.com/r/CryptoCurrency/comments/1dp9woi/tron_overthrows_shib_as_justin_sun_makes_use_of/,0.0,0,2024-06-26 17:20:11,2024-06-28 01:33:39
CryptoCurrency,Friend getting that Mt Gox payment,Thought I’d say this since it’s wild to know someone irl who has this happening to them. He had a lo,https://www.reddit.com/r/CryptoCurrency/comments/1dnwvcx/friend_getting_that_mt_gox_payment/,0.8337,367,2024-06-24 23:54:38,2024-06-28 01:33:39
CryptoCurrency,FTX Claims Value Soar,,https://www.reddit.com/r/CryptoCurrency/comments/1dp3i33/ftx_claims_value_soar/,0.34,0,2024-06-26 12:54:03,2024-06-28 01:33:39
CryptoCurrency,The Tezos Community Celebrates First Week of Adaptive Issuance and New 'Staker' Role on Mainnet,"On June 19th, the Tezos community took a significant step forward with the activation of Adaptive Is",https://www.reddit.com/r/CryptoCurrency/comments/1dovba6/the_tezos_community_celebrates_first_week_of/,0.9324,2,2024-06-26 06:28:46,2024-06-28 01:33:39
CryptoCurrency,"Marc Cuban wallet dumps NFTs, market volume drops 45%: Nifty Newsletter",,https://www.reddit.com/r/CryptoCurrency/comments/1dp71uv/marc_cuban_wallet_dumps_nfts_market_volume_drops/,0.0,0,2024-06-26 15:21:11,2024-06-28 01:33:39
CryptoCurrency,Negative Trend in US Spot Bitcoin Exchange Traded Funds (ETFs) Ended! How Many Entries Have Been Seen? Here are the Details,,https://www.reddit.com/r/CryptoCurrency/comments/1dp0em7/negative_trend_in_us_spot_bitcoin_exchange_traded/,-0.6114,0,2024-06-26 10:47:47,2024-06-28 01:33:39
CryptoCurrency,FBI Warns of Fake Firms Promising to Recover Lost Cryptocurrencies,,https://www.reddit.com/r/CryptoCurrency/comments/1do4xpn/fbi_warns_of_fake_firms_promising_to_recover_lost/,-0.4767,37,2024-06-25 08:36:12,2024-06-28 01:33:39
CryptoCurrency,"Argentine President Embraces Bitcoin, Sparking Digital Currency Revolution",,https://www.reddit.com/r/CryptoCurrency/comments/1dp1x90/argentine_president_embraces_bitcoin_sparking/,0.0,0,2024-06-26 11:50:27,2024-06-28 01:33:39
CryptoCurrency,Market cap to volume ratio and understanding question,If the coin market cap and volume is almost 1:1 is that a sign that the coin is undervalued? Just wo,https://www.reddit.com/r/CryptoCurrency/comments/1dp1o8u/market_cap_to_volume_ratio_and_understanding/,0.9502,0,2024-06-26 11:40:10,2024-06-28 01:33:39
CryptoCurrency,Linux Foundation Announces Intent to Form LF Decentralized Trust,,https://www.reddit.com/r/CryptoCurrency/comments/1doaw51/linux_foundation_announces_intent_to_form_lf/,0.5106,15,2024-06-25 12:58:25,2024-06-28 01:33:39
CryptoCurrency,VanEck files Form 8-A as path towards a spot Ethereum ETF presses on,,https://www.reddit.com/r/CryptoCurrency/comments/1do7dyx/vaneck_files_form_8a_as_path_towards_a_spot/,0.0,20,2024-06-25 10:29:57,2024-06-28 01:33:39
CryptoCurrency,Why Bitcoin Matters — The Real Value Of BTC Beyond Its Volatility,,https://www.reddit.com/r/CryptoCurrency/comments/1dovzc5/why_bitcoin_matters_the_real_value_of_btc_beyond/,0.3612,0,2024-06-26 07:10:16,2024-06-28 01:33:39
CryptoCurrency,Has Solana gotten stronger during the bear market?,As we have broken out of the bear market I do realize that Solana has done a lot of work with their ,https://www.reddit.com/r/CryptoCurrency/comments/1dp7kfw/has_solana_gotten_stronger_during_the_bear_market/,0.8645,0,2024-06-26 15:42:32,2024-06-28 01:33:39
CryptoCurrency,"Bitcoin Volatility Index Rises To 52.7, Up By 4.42%",,https://www.reddit.com/r/CryptoCurrency/comments/1dod8np/bitcoin_volatility_index_rises_to_527_up_by_442/,0.0,4,2024-06-25 14:36:31,2024-06-28 01:33:39
CryptoCurrency,Here's why I'm selling all my bags and no longer believe. This game is rigged.,I'm selling all my bags of fiat toilet paper. I'm done with them. It's a rigged system. https://prev,https://www.reddit.com/r/CryptoCurrency/comments/1dnimgj/heres_why_im_selling_all_my_bags_and_no_longer/,-0.4265,385,2024-06-24 13:05:33,2024-06-28 01:33:39
CryptoCurrency,Bitcoin spot ETFs could hit longest outflow streak on record,,https://www.reddit.com/r/CryptoCurrency/comments/1do1tjr/bitcoin_spot_etfs_could_hit_longest_outflow/,0.0,15,2024-06-25 05:25:07,2024-06-28 01:33:39
CryptoCurrency,Solana introduces ‘ZK Compression’ aimed at reducing on-chain storage costs by 99%,,https://www.reddit.com/r/CryptoCurrency/comments/1do3kqo/solana_introduces_zk_compression_aimed_at/,0.0,9,2024-06-25 07:20:28,2024-06-28 01:33:39
CryptoCurrency,Ethereum Faces Longest Inflationary Period Since 2022 Merge,,https://www.reddit.com/r/CryptoCurrency/comments/1dowj33/ethereum_faces_longest_inflationary_period_since/,0.0,0,2024-06-26 07:41:53,2024-06-28 01:33:39
CryptoCurrency,Bitcoin's June Crash: How Miner Sell-Offs Triggered a Market Meltdown,,https://www.reddit.com/r/CryptoCurrency/comments/1dnhkgy/bitcoins_june_crash_how_miner_selloffs_triggered/,-0.4019,302,2024-06-24 12:22:28,2024-06-28 01:33:39
CryptoMarkets,"Weekly Discussion Megathread - June 23, 2024 (GMT+0)",Welcome to the r/CryptoMarkets Weekly Discussion thread. The thread guidelines are as follows: *** T,https://www.reddit.com/r/CryptoMarkets/comments/1dmlm3g/weekly_discussion_megathread_june_23_2024_gmt0/,0.9684,3,2024-06-23 09:00:16,2024-06-28 01:33:39
CryptoMarkets,"Scaramucci Backs Biden, Warning Against Trump’s Crypto Policy",,https://www.reddit.com/r/CryptoMarkets/comments/1dpz4l4/scaramucci_backs_biden_warning_against_trumps/,-0.3818,14,2024-06-27 14:59:01,2024-06-28 01:33:39
CryptoMarkets,Whats the best TA method in your opinions?,"I know it varies depending on the price moment, market, and individual risk management. But for you,",https://www.reddit.com/r/CryptoMarkets/comments/1dpybc6/whats_the_best_ta_method_in_your_opinions/,0.7615,6,2024-06-27 14:25:16,2024-06-28 01:33:39
CryptoMarkets,"LP and Trading opportunity to make 70,000 ARB","Sushi Swap, Steer Protocol and SX all received Long Term Incentive Pilot Program (LTIPP) grants from",https://www.reddit.com/r/CryptoMarkets/comments/1dput5c/lp_and_trading_opportunity_to_make_70000_arb/,0.9413,9,2024-06-27 12:00:41,2024-06-28 01:33:39
CryptoMarkets,How do you do it?,How? How do people get out of their own way? How do people sit and watch their money go away without,https://www.reddit.com/r/CryptoMarkets/comments/1dpo182/how_do_you_do_it/,-0.7382,20,2024-06-27 06:30:06,2024-06-28 01:33:39
CryptoMarkets,Kraken Turns Its First Hack Into White Hat Firm’s PR Nightmare,The security team of Kraken knew that someday an attacker would penetrate their cyber defenses. On J,https://www.reddit.com/r/CryptoMarkets/comments/1dpry63/kraken_turns_its_first_hack_into_white_hat_firms/,0.1706,9,2024-06-27 09:58:37,2024-06-28 01:33:39
CryptoMarkets,DeFi’s UX Is Becoming A Deterrent To Adoption – Is AI The Antidote?,,https://www.reddit.com/r/CryptoMarkets/comments/1dpt4hd/defis_ux_is_becoming_a_deterrent_to_adoption_is/,0.0,17,2024-06-27 10:50:03,2024-06-28 01:33:39
CryptoMarkets,US Government Moves $240 Million in Bitcoin to Coinbase,,https://www.reddit.com/r/CryptoMarkets/comments/1dplx3z/us_government_moves_240_million_in_bitcoin_to/,0.0,19,2024-06-27 04:01:15,2024-06-28 01:33:39
CryptoMarkets,SOLANA ETF FILED BY VANECK!!!!!!!,"VanEck, a major crypto asset management firm, has filed for a spot Solana ETF with the U.S. Securiti",https://www.reddit.com/r/CryptoMarkets/comments/1dpqyqb/solana_etf_filed_by_vaneck/,0.7308,6,2024-06-27 09:12:48,2024-06-28 01:33:39
CryptoMarkets,What is going on with Blast/Blur?,I was on the expectation that there would be an integration between these projects given that both o,https://www.reddit.com/r/CryptoMarkets/comments/1dpxqmi/what_is_going_on_with_blastblur/,0.6608,2,2024-06-27 14:01:13,2024-06-28 01:33:39
CryptoMarkets,Coinbase sues SEC and FDIC for crypto regulatory clarity,,https://www.reddit.com/r/CryptoMarkets/comments/1dpqxqk/coinbase_sues_sec_and_fdic_for_crypto_regulatory/,0.4019,5,2024-06-27 09:11:25,2024-06-28 01:33:39
CryptoMarkets,Thank you,"I made a post, pretty worried after buying at a high price on Solana. 20K at $148 and some at smalle",https://www.reddit.com/r/CryptoMarkets/comments/1dpw503/thank_you/,0.9259,2,2024-06-27 12:55:30,2024-06-28 01:33:39
CryptoMarkets,"Faced With the Demagoguery of Politicians Everywhere in the World, Bitcoin Is Your Best Bulwark. More than ever, the world needs a monetary system with decentralized, rigorous and serious governance, free from the risk of manipulation and scheming.",,https://www.reddit.com/r/CryptoMarkets/comments/1dq063s/faced_with_the_demagoguery_of_politicians/,0.4215,1,2024-06-27 15:42:51,2024-06-28 01:33:39
CryptoMarkets,Kraken Turns Its First Hack Into White Hat Firm’s PR Nightmare,[Kraken Turns Its First Hack Into White Hat Firm’s PR Nightmare](https://www.disruptionbanking.com/2,https://www.reddit.com/r/CryptoMarkets/comments/1dpqoz4/kraken_turns_its_first_hack_into_white_hat_firms/,-0.128,3,2024-06-27 08:59:46,2024-06-28 01:33:39
CryptoMarkets,Cant do future transaction,I cant do future transaction in binance from today. I asked live support and he said that with the n,https://www.reddit.com/r/CryptoMarkets/comments/1dprhgu/cant_do_future_transaction/,0.7684,2,2024-06-27 09:37:14,2024-06-28 01:33:39
CryptoMarkets,Historic Satoshi-Era Bitcoin Wallet Awakens After 14 Years,,https://www.reddit.com/r/CryptoMarkets/comments/1dpqukm/historic_satoshiera_bitcoin_wallet_awakens_after/,0.0,2,2024-06-27 09:07:11,2024-06-28 01:33:39
CryptoMarkets,Binance Tightens Measures to Combat Account Misuse,,https://www.reddit.com/r/CryptoMarkets/comments/1dpqj3z/binance_tightens_measures_to_combat_account_misuse/,-0.34,2,2024-06-27 08:51:28,2024-06-28 01:33:39
CryptoMarkets,North Carolina Passes Bill Restricting CBDC Usage,,https://www.reddit.com/r/CryptoMarkets/comments/1dpmlkt/north_carolina_passes_bill_restricting_cbdc_usage/,-0.3818,4,2024-06-27 04:51:07,2024-06-28 01:33:39
CryptoMarkets,CHZ Crypto to move up: CHZ crypto price prediction,,https://www.reddit.com/r/CryptoMarkets/comments/1dpq1w3/chz_crypto_to_move_up_chz_crypto_price_prediction/,0.0,2,2024-06-27 08:26:13,2024-06-28 01:33:39
CryptoMarkets,Bought a new memecoin on Dexscreener Moonlight,"I bought a new memecoin just now, Y U NO-GUY. It’s on Solana and have low fees. Bought it on Moonlig",https://www.reddit.com/r/CryptoMarkets/comments/1dpq1kd/bought_a_new_memecoin_on_dexscreener_moonlight/,0.9741,2,2024-06-27 08:25:44,2024-06-28 01:33:39
CryptoMarkets,Coinbase opts out of ASI token merger migration,,https://www.reddit.com/r/CryptoMarkets/comments/1dpmanm/coinbase_opts_out_of_asi_token_merger_migration/,0.0,5,2024-06-27 04:29:07,2024-06-28 01:33:39
CryptoMarkets,"SocialFi Infrastructure OpenSocial Protocol Raises $5M to Fuel the Growth of SocialFi Super Apps, with $15M Ecosystem Fund Backed by EVG",,https://www.reddit.com/r/CryptoMarkets/comments/1dpkwvi/socialfi_infrastructure_opensocial_protocol/,0.765,6,2024-06-27 02:49:53,2024-06-28 01:33:39
CryptoMarkets,"VanEck files for the first Solana ETF in the US, calls SOL a commodity",,https://www.reddit.com/r/CryptoMarkets/comments/1dprxhw/vaneck_files_for_the_first_solana_etf_in_the_us/,0.0,1,2024-06-27 09:57:49,2024-06-28 01:33:39
CryptoMarkets,Coinbase Sues SEC and FDIC for FOIA Noncompliance,,https://www.reddit.com/r/CryptoMarkets/comments/1dprssg/coinbase_sues_sec_and_fdic_for_foia_noncompliance/,0.0,1,2024-06-27 09:51:46,2024-06-28 01:33:39
CryptoMarkets,"Bitcoin whale donates 8 BTC to Julian Assange, covers private jet costs",,https://www.reddit.com/r/CryptoMarkets/comments/1dp79uk/bitcoin_whale_donates_8_btc_to_julian_assange/,0.0,30,2024-06-26 15:30:33,2024-06-28 01:33:39
CryptoMarkets,VanEck Files for Spot Solana ETF: A Game-Changer for the Crypto Market,,https://www.reddit.com/r/CryptoMarkets/comments/1dprnuv/vaneck_files_for_spot_solana_etf_a_gamechanger/,0.0,1,2024-06-27 09:45:27,2024-06-28 01:33:39
CryptoMarkets,Ether Spot ETFs Poised to Attract $5 Billion in First Five Months: Galaxy,Galaxy expects $5 FREAKING BILLION DOLLARS in first FIVE MONTHS if ETH ETF is approved. Do you think,https://www.reddit.com/r/CryptoMarkets/comments/1dpqgcm/ether_spot_etfs_poised_to_attract_5_billion_in/,0.1943,1,2024-06-27 08:47:26,2024-06-28 01:33:39
CryptoMarkets,Florida Man Convicted in Shocking Crypto Theft Home Invasions,,https://www.reddit.com/r/CryptoMarkets/comments/1dpmcpx/florida_man_convicted_in_shocking_crypto_theft/,-0.4019,2,2024-06-27 04:33:01,2024-06-28 01:33:39
CryptoMarkets,"UAE’s New Regulations Threaten Crypto Payments, Warns Legal Expert",,https://www.reddit.com/r/CryptoMarkets/comments/1dpo8ie/uaes_new_regulations_threaten_crypto_payments/,-0.3612,1,2024-06-27 06:43:15,2024-06-28 01:33:39
CryptoMarkets,'Advantages of Using Solana Token Launcher?',What are the key advantages of using a Solana token launcher for creating and managing your own cryp,https://www.reddit.com/r/CryptoMarkets/comments/1dpnuig/advantages_of_using_solana_token_launcher/,0.7622,1,2024-06-27 06:17:57,2024-06-28 01:33:39
CryptoMarkets,"US government transfers 4,000 BTC to Coinbase",,https://www.reddit.com/r/CryptoMarkets/comments/1dp5v2w/us_government_transfers_4000_btc_to_coinbase/,0.0,17,2024-06-26 14:32:17,2024-06-28 01:33:39
CryptoMarkets,Crypto Investment Firm Hashed Ventures to Open Office in Abu Dhabi,,https://www.reddit.com/r/CryptoMarkets/comments/1dpmvrx/crypto_investment_firm_hashed_ventures_to_open/,0.0,1,2024-06-27 05:11:13,2024-06-28 01:33:39
CryptoMarkets,BTC ETH SOL - The combo meal everyone wants,If you had these three coins in your portfolio then they have certainly changed how your portfolio l,https://www.reddit.com/r/CryptoMarkets/comments/1dpdgdp/btc_eth_sol_the_combo_meal_everyone_wants/,0.5106,3,2024-06-26 19:58:27,2024-06-28 01:33:39
CryptoMarkets,Anyone used a bot through Simon McFadyen?,I see this guy on YouTube ads all the time and just wondered if anyone has any experience dealing wi,https://www.reddit.com/r/CryptoMarkets/comments/1dpkxla/anyone_used_a_bot_through_simon_mcfadyen/,0.0,0,2024-06-27 02:51:12,2024-06-28 01:33:39
CryptoMarkets,PEPE Holder Loses 3.5M After 700B Binance Splash,,https://www.reddit.com/r/CryptoMarkets/comments/1dp9vmj/pepe_holder_loses_35m_after_700b_binance_splash/,-0.3182,5,2024-06-26 17:18:58,2024-06-28 01:33:39
CryptoMarkets,"U.S. Government Sends Nearly 4,000 Bitcoin to Coinbase Exchange",,https://www.reddit.com/r/CryptoMarkets/comments/1dpk5y3/us_government_sends_nearly_4000_bitcoin_to/,0.0,1,2024-06-27 02:00:17,2024-06-28 01:33:39
CryptoMarkets,Is The Future of Real Estate Web3-Based,,https://www.reddit.com/r/CryptoMarkets/comments/1dp14hg/is_the_future_of_real_estate_web3based/,0.0,30,2024-06-26 11:17:58,2024-06-28 01:33:39
CryptoMarkets,How to Buy DEXT Token: A Beginner’s Guide,,https://www.reddit.com/r/CryptoMarkets/comments/1dpie24/how_to_buy_dext_token_a_beginners_guide/,0.0,0,2024-06-27 00:11:43,2024-06-28 01:33:39
CryptoMarkets,CPI and jobs data in July will finalize the trend,"I think the markets are waiting for the numbers that will be coming out in July, I think they will b",https://www.reddit.com/r/CryptoMarkets/comments/1dp6zhv/cpi_and_jobs_data_in_july_will_finalize_the_trend/,0.0258,5,2024-06-26 15:18:37,2024-06-28 01:33:39
CryptoMarkets,TRON Overthrows SHIB as Justin Sun Makes Use of Ethereum Dip,,https://www.reddit.com/r/CryptoMarkets/comments/1dp9wgg/tron_overthrows_shib_as_justin_sun_makes_use_of/,0.0,2,2024-06-26 17:19:57,2024-06-28 01:33:39
CryptoMarkets,the DoughFinance founders turned this strategy into a new DeFi protocol/platform,,https://www.reddit.com/r/CryptoMarkets/comments/1dpcy5y/the_doughfinance_founders_turned_this_strategy/,0.0,1,2024-06-26 19:33:52,2024-06-28 01:33:39
CryptoMarkets,"FET, OCEAN and AGIX pump prior to ASI merge.","Top 3 AI projects gained some momentum as the big day approaches. Ocean Protocol, Fetch.ai and Singu",https://www.reddit.com/r/CryptoMarkets/comments/1dp27rt/fet_ocean_and_agix_pump_prior_to_asi_merge/,0.9868,4,2024-06-26 12:01:46,2024-06-28 01:33:39
CryptoMarkets,Can anyone tell me if this is legit or a scam,"Hello, is TRJCW a legit website? Never heard of it and i can't find much on the Internet. Your help ",https://www.reddit.com/r/CryptoMarkets/comments/1dpa1e3/can_anyone_tell_me_if_this_is_legit_or_a_scam/,0.5859,0,2024-06-26 17:25:46,2024-06-28 01:33:39
CryptoMarkets,"B2Trader v1.1 Update: BBP Prime, Custom Templates, and iOS Integration",,https://www.reddit.com/r/CryptoMarkets/comments/1dp45s6/b2trader_v11_update_bbp_prime_custom_templates/,0.0,2,2024-06-26 13:21:13,2024-06-28 01:33:39
CryptoMarkets,Principled diversified investment?,"Say I want to invest into crypto in a somewhat principled manner, as I do into the stock market. For",https://www.reddit.com/r/CryptoMarkets/comments/1dp8e5t/principled_diversified_investment/,-0.9611,1,2024-06-26 16:16:54,2024-06-28 01:33:39
CryptoMarkets,Metallica’s X Account Hacked to Promote Fake Crypto Token,,https://www.reddit.com/r/CryptoMarkets/comments/1dovprz/metallicas_x_account_hacked_to_promote_fake/,-0.4939,6,2024-06-26 06:54:36,2024-06-28 01:33:39
CryptoMarkets,How Cryptocurrencies can transforming charitable giving,,https://www.reddit.com/r/CryptoMarkets/comments/1dov4uj/how_cryptocurrencies_can_transforming_charitable/,0.6249,5,2024-06-26 06:17:16,2024-06-28 01:33:39
CryptoMarkets,Cardano undefeated by DdoS attack,"Cardano Hit With Massive DDoS Attack Yet Thriving, Here's Reason https://cryptonews.net/29309241/?ut",https://www.reddit.com/r/CryptoMarkets/comments/1dors5x/cardano_undefeated_by_ddos_attack/,-0.7351,10,2024-06-26 02:22:07,2024-06-28 01:33:39
CryptoMarkets,Who to Watch in the Next-Gen VM Race?,I stumbled upon a tweet by (@ayyyeandy) that got me really excited about the future of blockchain vi,https://www.reddit.com/r/CryptoMarkets/comments/1dozu8v/who_to_watch_in_the_nextgen_vm_race/,0.9785,2,2024-06-26 10:23:10,2024-06-28 01:33:39
CryptoMarkets,Bitcoin Price Prediction: Analysts Forecast BTC to Drop to $50K Before Parabolic Surge,[Bitcoin's](https://www.nanovest.io/kripto/btc/) price is predicted to undergo a significant decline,https://www.reddit.com/r/CryptoMarkets/comments/1doqihh/bitcoin_price_prediction_analysts_forecast_btc_to/,0.9837,9,2024-06-26 01:00:30,2024-06-28 01:33:39
CryptoMarkets,Spot Ethereum ETF to attract $15 billion by 2025's end: Bitwise CIO,,https://www.reddit.com/r/CryptoMarkets/comments/1doyqhj/spot_ethereum_etf_to_attract_15_billion_by_2025s/,0.3612,2,2024-06-26 09:33:28,2024-06-28 01:33:39
CryptoMarkets,Are communities that roleplay bearish or bullish?,"Stumbled across a solana coin community called $Ceezur the other day and when I joined, I was met wi",https://www.reddit.com/r/CryptoMarkets/comments/1dp2y5d/are_communities_that_roleplay_bearish_or_bullish/,0.9447,1,2024-06-26 12:31:01,2024-06-28 01:33:39
CryptoMarkets,The New BEST Way to Buy Monero Without KYC Using P2P Crypto Exchange,,https://www.reddit.com/r/CryptoMarkets/comments/1dp57hp/the_new_best_way_to_buy_monero_without_kyc_using/,0.7125,0,2024-06-26 14:04:46,2024-06-28 01:33:39
CryptoMarkets,Mobile Wallets,What mobile crypto Wallets are you guys using? I am looking for a good wallet other then MetaMask or,https://www.reddit.com/r/CryptoMarkets/comments/1doz6kl/mobile_wallets/,0.8271,1,2024-06-26 09:54:12,2024-06-28 01:33:39
CryptoMarkets,Ethereum ETF Fee War Heats Up As VanEck Offers Zero Fees - TheDailySats,"The battle for dominance in the Ethereum exchange-traded fund (ETF) market is heating up, with inves",https://www.reddit.com/r/CryptoMarkets/comments/1dooimo/ethereum_etf_fee_war_heats_up_as_vaneck_offers/,-0.6597,5,2024-06-25 23:07:38,2024-06-28 01:33:39
CryptoMarkets,Why Bitcoin Matters — The Real Value Of BTC Beyond Its Volatility,,https://www.reddit.com/r/CryptoMarkets/comments/1dow04j/why_bitcoin_matters_the_real_value_of_btc_beyond/,0.3612,0,2024-06-26 07:11:31,2024-06-28 01:33:39
CryptoMarkets,The Tezos Community Celebrates First Week of Adaptive Issuance and New 'Staker' Role on Mainnet,"On June 19th, the Tezos community took a significant step forward with the activation of Adaptive Is",https://www.reddit.com/r/CryptoMarkets/comments/1dovd8t/the_tezos_community_celebrates_first_week_of/,0.9324,1,2024-06-26 06:32:05,2024-06-28 01:33:39
CryptoMarkets,Jump Crypto President Resigns Amid CFTC Investigation,,https://www.reddit.com/r/CryptoMarkets/comments/1douhk7/jump_crypto_president_resigns_amid_cftc/,-0.3182,0,2024-06-26 05:32:46,2024-06-28 01:33:39
CryptoMarkets,BREAKING Spot Bitcoin ETFs Bounce Back with Fresh Inflows of $31 Million!,"Bitcoin spot exchange-traded funds (ETFs) saw a resurgence in inflows on June 25, recording a total ",https://www.reddit.com/r/CryptoMarkets/comments/1dor6kf/breaking_spot_bitcoin_etfs_bounce_back_with_fresh/,0.8392,2,2024-06-26 01:42:20,2024-06-28 01:33:39
CryptoMarkets,From Hype to Quality - A Look at How the Web3 Gaming Landscape Has Matured Recently,,https://www.reddit.com/r/CryptoMarkets/comments/1do9fiy/from_hype_to_quality_a_look_at_how_the_web3/,0.0,36,2024-06-25 11:56:51,2024-06-28 01:33:39
CryptoMarkets,"German Government Offloads Over $54M Worth of Bitcoin, Sell-off Stirs Market Panic",,https://www.reddit.com/r/CryptoMarkets/comments/1dorhf5/german_government_offloads_over_54m_worth_of/,-0.34,0,2024-06-26 02:01:50,2024-06-28 01:33:39
CryptoMarkets,"'Gensler will cause Biden to lose the election,” says Ripple Labs CEO",,https://www.reddit.com/r/CryptoMarkets/comments/1dozxww/gensler_will_cause_biden_to_lose_the_election/,-0.4019,0,2024-06-26 10:27:39,2024-06-28 01:33:39
CryptoMarkets,Terra Luna Classic Loses BtcTurk Listing After Disastrous Hack,,https://www.reddit.com/r/CryptoMarkets/comments/1doabod/terra_luna_classic_loses_btcturk_listing_after/,-0.7351,8,2024-06-25 12:34:05,2024-06-28 01:33:39
CryptoMarkets,How long will you hold your Bitcoin for?,Just curios what the consensus will be! [View Poll](https://www.reddit.com/poll/1do96hk),https://www.reddit.com/r/CryptoMarkets/comments/1do96hk/how_long_will_you_hold_your_bitcoin_for/,0.0,4,2024-06-25 11:46:19,2024-06-28 01:33:39
CryptoMarkets,Crypto Fear and Greed Index Enters 'Fear' Zone,"Key Takeaways * The Crypto Fear and Greed Index dropped to a 9-month low of 30 points on June 25, en",https://www.reddit.com/r/CryptoMarkets/comments/1do2osf/crypto_fear_and_greed_index_enters_fear_zone/,-0.9536,9,2024-06-25 06:24:26,2024-06-28 01:33:39
CryptoMarkets,BTC fear index at 30 but BTC still strong,"Looking at past 1 year data, Bitcoin is still outperforming major stocks (except NVIDIA) and indexes",https://www.reddit.com/r/CryptoMarkets/comments/1do7jal/btc_fear_index_at_30_but_btc_still_strong/,0.9791,1,2024-06-25 10:36:06,2024-06-28 01:33:39
CryptoMarkets,Breakout in JTO Crypto: Buy Now ?,,https://www.reddit.com/r/CryptoMarkets/comments/1dod445/breakout_in_jto_crypto_buy_now/,0.0,1,2024-06-25 14:31:13,2024-06-28 01:33:39
CryptoMarkets,"Bitcoin Poised to Surge Towards $90,000+ with Bullish Indicators",[Bitcoin](https://www.nanovest.io/kripto/btc/) is gearing up to resume its price surge towards targe,https://www.reddit.com/r/CryptoMarkets/comments/1dnxh6f/bitcoin_poised_to_surge_towards_90000_with/,0.9872,12,2024-06-25 00:29:15,2024-06-28 01:33:39
CryptoMarkets,German Government Sells $54M in Bitcoin,,https://www.reddit.com/r/CryptoMarkets/comments/1do4n6y/german_government_sells_54m_in_bitcoin/,0.0,3,2024-06-25 08:21:08,2024-06-28 01:33:39
CryptoMarkets,Crypto contract trading,"Hi guys, Can someone please suggest me which exchange I can use as a resident of Florida,USA for cry",https://www.reddit.com/r/CryptoMarkets/comments/1do6z75/crypto_contract_trading/,0.3182,2,2024-06-25 10:11:56,2024-06-28 01:33:39
CryptoMarkets,Relatively low-risk strategies for trading with a moderate (~$45-$50k) of BTC/ETH?,Relatively low-risk trading strategies with a moderate sum (~$50k) of crypto? As the title indicates,https://www.reddit.com/r/CryptoMarkets/comments/1dobcjk/relatively_lowrisk_strategies_for_trading_with_a/,0.9831,1,2024-06-25 13:17:07,2024-06-28 01:33:39
CryptoMarkets,Coinbase Leads as Most Impersonated Brand by Scammers,,https://www.reddit.com/r/CryptoMarkets/comments/1dnyz6u/coinbase_leads_as_most_impersonated_brand_by/,0.0,5,2024-06-25 02:03:55,2024-06-28 01:33:39
CryptoMarkets,"Louisiana Bans CBDC, Passes BTC Custody Protection Bill",,https://www.reddit.com/r/CryptoMarkets/comments/1do0bbc/louisiana_bans_cbdc_passes_btc_custody_protection/,0.0,4,2024-06-25 03:36:48,2024-06-28 01:33:39
CryptoMarkets,Fear and Greed: 30. The End?,"The fear and greed index is at 30, indicating that the overall market sentiment is Fear. This is evi",https://www.reddit.com/r/CryptoMarkets/comments/1do77ms/fear_and_greed_30_the_end/,-0.9649,1,2024-06-25 10:22:20,2024-06-28 01:33:39
CryptoMarkets,Atlas Earth,Your friend has invited you to buy virtual real estate in ATLAS: EARTH! Get started for free using h,https://www.reddit.com/r/CryptoMarkets/comments/1do6q5h/atlas_earth/,0.7777,0,2024-06-25 10:01:01,2024-06-28 01:33:39
CryptoMarkets,Effortless Swaps with Rango dApp Integrated into Safe Wallet,,https://www.reddit.com/r/CryptoMarkets/comments/1do2hg9/effortless_swaps_with_rango_dapp_integrated_into/,0.4404,2,2024-06-25 06:10:33,2024-06-28 01:33:39
CryptoMarkets,"AI tokens FET, AGIX, OCEAN, and ARKM surge despite market sell-off",,https://www.reddit.com/r/CryptoMarkets/comments/1do6et4/ai_tokens_fet_agix_ocean_and_arkm_surge_despite/,0.0,1,2024-06-25 09:46:49,2024-06-28 01:33:39
CryptoMarkets,"L1 and L2's, What are they?",# Background: Bitcoin and Ethereum are considered the OG cryptocurrencies. These are the base layers,https://www.reddit.com/r/CryptoMarkets/comments/1dnutje/l1_and_l2s_what_are_they/,0.9937,6,2024-06-24 22:04:25,2024-06-28 01:33:39
CryptoMarkets,Biden Brings Back Former Pro-crypto Regulation Advisor - Bitcoinics,,https://www.reddit.com/r/CryptoMarkets/comments/1dnowpz/biden_brings_back_former_procrypto_regulation/,0.0,9,2024-06-24 17:27:22,2024-06-28 01:33:39
CryptoMarkets,"Token merger of Fetch.ai, SingularityNET, and Ocean Protocol to start on July 1",,https://www.reddit.com/r/CryptoMarkets/comments/1do2n5y/token_merger_of_fetchai_singularitynet_and_ocean/,0.0,1,2024-06-25 06:21:13,2024-06-28 01:33:39
CryptoMarkets,Do you think the whales buying BTC this week and in July can help increase the price and improve the overall market sentiment?,"I do think when/if the whales continue to buy BTC, more investors are driven to it and the market se",https://www.reddit.com/r/CryptoMarkets/comments/1dob4gr/do_you_think_the_whales_buying_btc_this_week_and/,0.9531,0,2024-06-25 13:07:47,2024-06-28 01:33:39
CryptoMarkets,Iranian Leaders Slam ‘Hamster Kombat’ Game as Western Manipulation,,https://www.reddit.com/r/CryptoMarkets/comments/1do1ymi/iranian_leaders_slam_hamster_kombat_game_as/,-0.5859,1,2024-06-25 05:35:10,2024-06-28 01:33:39
CryptoMarkets,Bitcoin spot ETFs could hit longest outflow streak on record,,https://www.reddit.com/r/CryptoMarkets/comments/1do1tpl/bitcoin_spot_etfs_could_hit_longest_outflow/,0.0,0,2024-06-25 05:25:25,2024-06-28 01:33:39
CryptoMarkets,Bitcoin Price Influenced by 3 Key Liquidity Factors: What's Driving the Market?,,https://www.reddit.com/r/CryptoMarkets/comments/1do0th7/bitcoin_price_influenced_by_3_key_liquidity/,0.0,1,2024-06-25 04:13:19,2024-06-28 01:33:39
CryptoMarkets,Nvidia’s Dominance in AI Race,,https://www.reddit.com/r/CryptoMarkets/comments/1do0dek/nvidias_dominance_in_ai_race/,0.2023,1,2024-06-25 03:41:08,2024-06-28 01:33:39
CryptoMarkets,Do RWAs Hold The Key to Unlocking Fractional Ownership at Scale?,,https://www.reddit.com/r/CryptoMarkets/comments/1dng5q9/do_rwas_hold_the_key_to_unlocking_fractional/,0.0,34,2024-06-24 11:24:31,2024-06-28 01:33:39
CryptoMarkets,"German government entity transfers 900 BTC to Kraken and Coinbase, sparks selling concerns",,https://www.reddit.com/r/CryptoMarkets/comments/1do55vk/german_government_entity_transfers_900_btc_to/,0.0,0,2024-06-25 08:47:26,2024-06-28 01:33:39
CryptoMarkets,Only 6.5k BTC will be distributed to creditors of Mt. Gox,,https://www.reddit.com/r/CryptoMarkets/comments/1dnmbm4/only_65k_btc_will_be_distributed_to_creditors_of/,0.0,6,2024-06-24 15:39:20,2024-06-28 01:33:39
CryptoMarkets,Crypto and Stock Market Update 06.25,,https://www.reddit.com/r/CryptoMarkets/comments/1do4d2w/crypto_and_stock_market_update_0625/,0.0,0,2024-06-25 08:05:39,2024-06-28 01:33:39
CryptoMarkets,'Rich dad' Robert Kiyosaki sees Bitcoin dip as buying opportunity,,https://www.reddit.com/r/CryptoMarkets/comments/1do84i8/rich_dad_robert_kiyosaki_sees_bitcoin_dip_as/,0.7506,0,2024-06-25 11:01:28,2024-06-28 01:33:39
CryptoMarkets,"Trump Reportedly Discussing Participation In Bitcoin 2024 Conference, Move To Reinforce 'Crypto President' Image? - Benzinga",,https://www.reddit.com/r/CryptoMarkets/comments/1dnydp0/trump_reportedly_discussing_participation_in/,0.0,0,2024-06-25 01:25:16,2024-06-28 01:33:39
CryptoMarkets,Binance Freezes $5 Million in Funds Looted from Turkish Exchange After $54 Million Hack,,https://www.reddit.com/r/CryptoMarkets/comments/1dna1fy/binance_freezes_5_million_in_funds_looted_from/,-0.0258,18,2024-06-24 06:14:01,2024-06-28 01:33:39
CryptoMarkets,Can FHE help to achieve higher data privacy and safety level in AI?,we are half way through 2024 and we can definitely say that AI is one of the most hyped narratives o,https://www.reddit.com/r/CryptoMarkets/comments/1dnmes5/can_fhe_help_to_achieve_higher_data_privacy_and/,0.98,3,2024-06-24 15:42:56,2024-06-28 01:33:39
CryptoMarkets,Mt. Gox to begin $9 billion repayment plan in July,,https://www.reddit.com/r/CryptoMarkets/comments/1dncejb/mt_gox_to_begin_9_billion_repayment_plan_in_july/,0.0,6,2024-06-24 08:34:57,2024-06-28 01:33:39
CryptoMarkets,Are we really in a bull cycle?,Jesus christ are my alts nosediving by 30 - 40% Is this near the top or are we expecting for prices ,https://www.reddit.com/r/CryptoMarkets/comments/1dn6h40/are_we_really_in_a_bull_cycle/,-0.4329,15,2024-06-24 01:59:54,2024-06-28 01:33:39
CryptoMarkets,"Monday Crypto Update: Market Faces TVL Decline, Bitcoin and Ethereum Prices Drop Amid Fundraising Slowdown",,https://www.reddit.com/r/CryptoMarkets/comments/1dnfzzv/monday_crypto_update_market_faces_tvl_decline/,-0.2732,2,2024-06-24 11:17:49,2024-06-28 01:33:39
CryptoMarkets,Which Solana Memecoin Has the Most Potential?,"Which one do you think has the most potential: Samoyedcoin (SAMO), SolDoge (SDOGE), Cheems Inu (CINU",https://www.reddit.com/r/CryptoMarkets/comments/1dnyxhz/which_solana_memecoin_has_the_most_potential/,0.0,0,2024-06-25 02:00:55,2024-06-28 01:33:39
CryptoMarkets,Orbitt MM: AI Volume Booster For Solana Projects,,https://www.reddit.com/r/CryptoMarkets/comments/1dn88gu/orbitt_mm_ai_volume_booster_for_solana_projects/,0.0,8,2024-06-24 04:03:23,2024-06-28 01:33:39
CryptoMarkets,Defunct Mt Gox to start repaying creditors After a Decade,,https://www.reddit.com/r/CryptoMarkets/comments/1dnjlbf/defunct_mt_gox_to_start_repaying_creditors_after/,0.0,1,2024-06-24 13:46:04,2024-06-28 01:33:39
CryptoMarkets,Mt. Gox Trustee to Begin Bitcoin and Bitcoin Cash Repayments,,https://www.reddit.com/r/CryptoMarkets/comments/1dnhoyr/mt_gox_trustee_to_begin_bitcoin_and_bitcoin_cash/,0.25,1,2024-06-24 12:27:58,2024-06-28 01:33:39
CryptoMarkets,Mt. Gox to Begin Bitcoin and Bitcoin Cash Repayments in July 2024,,https://www.reddit.com/r/CryptoMarkets/comments/1dn9ern/mt_gox_to_begin_bitcoin_and_bitcoin_cash/,0.0,4,2024-06-24 05:29:53,2024-06-28 01:33:39
Bitcoin,Bitcoin Newcomers FAQ - Please read!,# Welcome to the /r/Bitcoin Newcomers FAQ You've probably been hearing a lot about Bitcoin recently ,https://www.reddit.com/r/Bitcoin/comments/1bg5lv0/bitcoin_newcomers_faq_please_read/,0.9997,192,2024-03-16 09:02:34,2024-06-28 01:33:39
Bitcoin,"Daily Discussion, June 27, 2024",Please utilize this sticky thread for all general **Bitcoin** discussions! If you see posts on the f,https://www.reddit.com/r/Bitcoin/comments/1dpkam2/daily_discussion_june_27_2024/,0.9272,16,2024-06-27 02:08:41,2024-06-28 01:33:39
Bitcoin,after all these years my country finally legalized cryptocurrencies and I couldn't be happier,"This is a great day for me, I got into crypto in oct 2021 some time after that got royally screwed b",https://www.reddit.com/r/Bitcoin/comments/1dq0wah/after_all_these_years_my_country_finally/,-0.7927,82,2024-06-27 16:13:40,2024-06-28 01:33:39
Bitcoin,FIAT always becomes worthless - it's cheaper to tile with pennies than porcelain - pretty tho!,,https://www.reddit.com/r/Bitcoin/comments/1dprbla/fiat_always_becomes_worthless_its_cheaper_to_tile/,0.1511,224,2024-06-27 09:29:53,2024-06-28 01:33:39
Bitcoin,Government selling is bullish,Gordon Brown famously sold half of UK's Gold reserves for less than $300/ounce. One of the worst dec,https://www.reddit.com/r/Bitcoin/comments/1dpu3lw/government_selling_is_bullish/,-0.8658,143,2024-06-27 11:30:04,2024-06-28 01:33:39
Bitcoin,Bitcoins is for criminals only - right? Tens of billion Euro tax fraud trial against banker dropped on health grounds,,https://www.reddit.com/r/Bitcoin/comments/1dpy7cn/bitcoins_is_for_criminals_only_right_tens_of/,-0.8176,51,2024-06-27 14:20:41,2024-06-28 01:33:39
Bitcoin,Do you continue buying when the market is stagnant if the idea is to average down?,My average is 54k with quite a few different positions. I want to buy more but it will increase my a,https://www.reddit.com/r/Bitcoin/comments/1dpsvwi/do_you_continue_buying_when_the_market_is/,0.7965,83,2024-06-27 10:39:47,2024-06-28 01:33:39
Bitcoin,'the world's best store of value' Bitcoin poster art,,https://www.reddit.com/r/Bitcoin/comments/1dpungu/the_worlds_best_store_of_value_bitcoin_poster_art/,0.765,45,2024-06-27 11:54:03,2024-06-28 01:33:39
Bitcoin,Japan’s Metaplanet to buy more Bitcoin amid crumbling Yen,,https://www.reddit.com/r/Bitcoin/comments/1dpxjxg/japans_metaplanet_to_buy_more_bitcoin_amid/,0.0,31,2024-06-27 13:53:40,2024-06-28 01:33:39
Bitcoin,“Inflation is psychological.” Can’t make this stuff up.,,https://www.reddit.com/r/Bitcoin/comments/1dpls9m/inflation_is_psychological_cant_make_this_stuff_up/,0.0,169,2024-06-27 03:51:38,2024-06-28 01:33:39
Bitcoin,Curiosity: Why does huge BTC transactions have multiple recipients?,I am new here and while browsing on [mempool.space](http://mempool.space) I saw a relatively big 50 ,https://www.reddit.com/r/Bitcoin/comments/1dq4582/curiosity_why_does_huge_btc_transactions_have/,0.3939,10,2024-06-27 18:32:43,2024-06-28 01:33:39
Bitcoin,I made my first bitcoin international sale and it was easy and stress free. This is the future!,,https://www.reddit.com/r/Bitcoin/comments/1dpnaj6/i_made_my_first_bitcoin_international_sale_and_it/,0.5707,96,2024-06-27 05:40:19,2024-06-28 01:33:39
Bitcoin,I’m curious.. how much cash/fiat reserves do you keep?,I’m curious how much do people keep in USD cash/fiat reserves before investing? I’ve always been tol,https://www.reddit.com/r/Bitcoin/comments/1dq5ppi/im_curious_how_much_cashfiat_reserves_do_you_keep/,0.9559,6,2024-06-27 19:46:06,2024-06-28 01:33:39
Bitcoin,11 tips for defending your bitcoin from modern scammers - Unchained,,https://www.reddit.com/r/Bitcoin/comments/1dpzlvm/11_tips_for_defending_your_bitcoin_from_modern/,0.0,10,2024-06-27 15:19:02,2024-06-28 01:33:39
Bitcoin,"Kraken, Bitstamp and Coinbase are sending Bitcoin back to the German government, why?",,https://www.reddit.com/r/Bitcoin/comments/1dpuxn2/kraken_bitstamp_and_coinbase_are_sending_bitcoin/,0.0,18,2024-06-27 12:05:46,2024-06-28 01:33:39
Bitcoin,It’s a given that adopting bitcoin could really help a country in economic collapse suffering from hyper inflation. But what does the transition to bitcoin look like?,The citizens are broke. The government has no currency reserves and is printing money as fast as the,https://www.reddit.com/r/Bitcoin/comments/1dq1fn1/its_a_given_that_adopting_bitcoin_could_really/,0.8666,5,2024-06-27 16:35:20,2024-06-28 01:33:39
Bitcoin,Supreme Court limits power of SEC to unilaterally enforce financial fraud regulations,,https://www.reddit.com/r/Bitcoin/comments/1dpsswh/supreme_court_limits_power_of_sec_to_unilaterally/,-0.0516,15,2024-06-27 10:36:02,2024-06-28 01:33:39
Bitcoin,Debate of these old farts is good,I can’t trust us to do anything positively in 4 years with either of these candidates in the white h,https://www.reddit.com/r/Bitcoin/comments/1dq7ryg/debate_of_these_old_farts_is_good/,0.8625,3,2024-06-27 21:29:34,2024-06-28 01:33:39
Bitcoin,"Clearly we are early, but what amount of BTC would be a minimum amount for you to be considered “on board” and able to get a decent chunk of the pie at this point?","In case that title wasn’t clear I will elaborate, I have been using bitcoin since 2011 however I had",https://www.reddit.com/r/Bitcoin/comments/1dplvew/clearly_we_are_early_but_what_amount_of_btc_would/,0.9985,46,2024-06-27 03:58:09,2024-06-28 01:33:39
Bitcoin,Bitcoin is my life raft,"I write this here because no one I know understands Bitcoin, and the encouragement here helps. I’m a",https://www.reddit.com/r/Bitcoin/comments/1dp81ml/bitcoin_is_my_life_raft/,0.6705,381,2024-06-26 16:01:55,2024-06-28 01:33:39
Bitcoin,Payments to customers of bankrupt crypto exchanges Mt.Gox and FTX will balance each other out.,,https://www.reddit.com/r/Bitcoin/comments/1dq1go3/payments_to_customers_of_bankrupt_crypto/,-0.5574,3,2024-06-27 16:36:27,2024-06-28 01:33:39
Bitcoin,Bitcoin Mining Isn’t Driving Texas Power Demand,The mining sector is no exception to the rule that everything is bigger in Texas. The Lone Star Stat,https://www.reddit.com/r/Bitcoin/comments/1dppxr1/bitcoin_mining_isnt_driving_texas_power_demand/,-0.4588,16,2024-06-27 08:20:07,2024-06-28 01:33:39
Bitcoin,'Bitcoin is too complicated' ~US Dollar user,,https://www.reddit.com/r/Bitcoin/comments/1dp254c/bitcoin_is_too_complicated_us_dollar_user/,0.0,667,2024-06-26 11:59:11,2024-06-28 01:33:39
Bitcoin,Bitcoin Optech 307 Podcast: Murch &amp; Mike Schmidt are joined by Hunter Beast and TheCharlatan,,https://www.reddit.com/r/Bitcoin/comments/1dpwtby/bitcoin_optech_307_podcast_murch_mike_schmidt_are/,0.0,6,2024-06-27 13:23:13,2024-06-28 01:33:39
Bitcoin,Finally A Whole Coiner! Not Sure How To Cash It In... Hodl?,Lol,https://www.reddit.com/r/Bitcoin/comments/1dq56jp/finally_a_whole_coiner_not_sure_how_to_cash_it_in/,0.2801,2,2024-06-27 19:20:55,2024-06-28 01:33:39
Bitcoin,"Faced With the Demagoguery of Politicians Everywhere in the World, Bitcoin Is Your Best Bulwark. More than ever, the world needs a monetary system with decentralized, rigorous and serious governance, free from the risk of manipulation and scheming.",,https://www.reddit.com/r/Bitcoin/comments/1dps9ct/faced_with_the_demagoguery_of_politicians/,0.4215,12,2024-06-27 10:12:15,2024-06-28 01:33:39
Bitcoin,"'Bitcoin is for Spend it' - Well I think some people dont understand it, they still dont catch the Bitcoin purpose",,https://www.reddit.com/r/Bitcoin/comments/1dpmusu/bitcoin_is_for_spend_it_well_i_think_some_people/,0.2732,19,2024-06-27 05:09:20,2024-06-28 01:33:39
Bitcoin,Vanguard and Bitcoin ETF,Do you think Vanguard will offer the ETF eventually? I have all my money there and genuinely don’t f,https://www.reddit.com/r/Bitcoin/comments/1dq7pcz/vanguard_and_bitcoin_etf/,0.296,1,2024-06-27 21:25:29,2024-06-28 01:33:39
Bitcoin,Bitcoin Is to Money as Zulu Is to Time,**Bitcoin is a standard.** It is a way to avoid confusion and stick to one thing. Instead of crazy c,https://www.reddit.com/r/Bitcoin/comments/1dpwh84/bitcoin_is_to_money_as_zulu_is_to_time/,-0.8302,6,2024-06-27 13:09:19,2024-06-28 01:33:39
Bitcoin,What are the potential threats of Bitcoin?,Not specifically to Bitcoin. I am talking about Bitcoin adoption. I have been thinking about this. S,https://www.reddit.com/r/Bitcoin/comments/1dq658t/what_are_the_potential_threats_of_bitcoin/,-0.7207,1,2024-06-27 20:06:15,2024-06-28 01:33:39
Bitcoin,Sparrow wallet for android is this legit,Stumbled upon this for android wallet is it legit... sparrowiki there's a download for android but n,https://www.reddit.com/r/Bitcoin/comments/1dq4p5b/sparrow_wallet_for_android_is_this_legit/,0.0,0,2024-06-27 18:58:49,2024-06-28 01:33:39
Bitcoin,DCA Question,"I started DCA $30/day into bitcoin. A month later I added another $20/day, and then another $20/day,",https://www.reddit.com/r/Bitcoin/comments/1dps7ai/dca_question/,0.762,6,2024-06-27 10:09:49,2024-06-28 01:33:39
Bitcoin,My coworkers - BTC ETF = government control and BTC becoming a stock :D,We started talking about Bitcoin at my work today and my coworkers believe that Bitcoin is becoming ,https://www.reddit.com/r/Bitcoin/comments/1dq438r/my_coworkers_btc_etf_government_control_and_btc/,0.8185,1,2024-06-27 18:30:08,2024-06-28 01:33:39
Bitcoin,How much fiat do you keep vs bitcoin?,we all want to yolo full send every dollar into bitcoin but some liquid fiat is needed on a daily ba,https://www.reddit.com/r/Bitcoin/comments/1dpfhxy/how_much_fiat_do_you_keep_vs_bitcoin/,0.8776,43,2024-06-26 21:39:49,2024-06-28 01:33:39
Bitcoin,Do you guys think Bitcoin will replace gold as reserve asset?,"The vast majority of society rejects Bitcoin as a legitimate asset, if I went around my town asking ",https://www.reddit.com/r/Bitcoin/comments/1dpdtw9/do_you_guys_think_bitcoin_will_replace_gold_as/,0.9991,58,2024-06-26 20:16:14,2024-06-28 01:33:39
Bitcoin,Why don’t you run a node?,"If you don’t run a node, why don’t you..? - Price of hardware? - Ongoing running costs? - Hassle of ",https://www.reddit.com/r/Bitcoin/comments/1dpci07/why_dont_you_run_a_node/,0.9166,48,2024-06-26 19:12:58,2024-06-28 01:33:39
Bitcoin,"hello everyone, is it possible to migrate to another wallet without a private key from a multibit, but through a seed phrase, there is no private key because I cannot synchronize the multibit",,https://www.reddit.com/r/Bitcoin/comments/1dq118y/hello_everyone_is_it_possible_to_migrate_to/,-0.4215,0,2024-06-27 16:19:19,2024-06-28 01:33:39
Bitcoin,Is it possible to verify a public node if you're not running your own?,How can a casual user validate the integrity of a public node like one that is configured in Sparrow,https://www.reddit.com/r/Bitcoin/comments/1dpzzuk/is_it_possible_to_verify_a_public_node_if_youre/,0.8299,0,2024-06-27 15:35:38,2024-06-28 01:33:39
Bitcoin,8 bitcoin ($500k) donated to pay for Julian Assange's flight by anon,,https://www.reddit.com/r/Bitcoin/comments/1doq90m/8_bitcoin_500k_donated_to_pay_for_julian_assanges/,-0.1027,1225,2024-06-26 00:44:27,2024-06-28 01:33:39
Bitcoin,Bitcoin Adoption in 2024 | Scarce Digital Asset's Journey,,https://www.reddit.com/r/Bitcoin/comments/1dpqvnz/bitcoin_adoption_in_2024_scarce_digital_assets/,0.0,3,2024-06-27 09:08:39,2024-06-28 01:33:39
Bitcoin,Gov manipulation,Amazing how these govs are all the sudden dumping large amounts of seized Bitcoin all at the same ti,https://www.reddit.com/r/Bitcoin/comments/1dpt6wa/gov_manipulation/,-0.4215,3,2024-06-27 10:52:55,2024-06-28 01:33:39
Bitcoin,Finnaly Ready to buy BTC,"After many hours of reading and investigating, I am now ready to invest a little. Any tips for a new",https://www.reddit.com/r/Bitcoin/comments/1dpmmfi/finnaly_ready_to_buy_btc/,0.8802,7,2024-06-27 04:52:55,2024-06-28 01:33:39
Bitcoin,Sammelklage gegen Kraken / class action lawsuit against Kraken,"Liebe deutsche Kraken-Nutzer, ich bin betroffen von der vorzeitigen Schließung von Positionen bei de",https://www.reddit.com/r/Bitcoin/comments/1dpp1df/sammelklage_gegen_kraken_class_action_lawsuit/,0.9001,6,2024-06-27 07:31:09,2024-06-28 01:33:39
Bitcoin,"⚡ Lightning Thursday! June 27, 2024: Explore the Lightning Network!⚡",The lightning network is a second-layer solution on top of the Bitcoin blockchain that enables quick,https://www.reddit.com/r/Bitcoin/comments/1dplaha/lightning_thursday_june_27_2024_explore_the/,0.9288,6,2024-06-27 03:15:21,2024-06-28 01:33:39
Bitcoin,Struggling with diversification risk,I'm relatively new to the bitcoin space. Started my btc journey in 2021 after listening to the ebook,https://www.reddit.com/r/Bitcoin/comments/1dpvzc1/struggling_with_diversification_risk/,0.9132,0,2024-06-27 12:48:57,2024-06-28 01:33:39
Bitcoin,How many countries was available to buy bitcoin?,Like other currency that were not dollars and euro more like a small country currency MNT. I was won,https://www.reddit.com/r/Bitcoin/comments/1dpv31d/how_many_countries_was_available_to_buy_bitcoin/,0.2389,0,2024-06-27 12:12:01,2024-06-28 01:33:39
Bitcoin,This legend seeing the future in 2014. Bitcoin is #freedomtech,,https://www.reddit.com/r/Bitcoin/comments/1dou9nx/this_legend_seeing_the_future_in_2014_bitcoin_is/,0.0,237,2024-06-26 05:17:25,2024-06-28 01:33:39
Bitcoin,Join The Bitcoin Revolution and Get Rich,,https://www.reddit.com/r/Bitcoin/comments/1dq0280/join_the_bitcoin_revolution_and_get_rich/,0.7003,0,2024-06-27 15:38:26,2024-06-28 01:33:39
Bitcoin,"4 years ago today, the Australian Post Office began offering Bitcoin exchange services.",,https://www.reddit.com/r/Bitcoin/comments/1doz8ed/4_years_ago_today_the_australian_post_office/,0.0,74,2024-06-26 09:56:32,2024-06-28 01:33:39
Bitcoin,Manipulation,"As we constantly get bombarded with information in regards to transfers from old wallets, government",https://www.reddit.com/r/Bitcoin/comments/1dpqm3t/manipulation/,0.504,0,2024-06-27 08:55:44,2024-06-28 01:33:39
Bitcoin,I own Bitcoin since 2017 but today I earned my first satoshis,Today I sold a bag of cornflakes for a few sats to a colleague. I was happy for the first time ever ,https://www.reddit.com/r/Bitcoin/comments/1dox2u2/i_own_bitcoin_since_2017_but_today_i_earned_my/,0.7516,91,2024-06-26 08:12:13,2024-06-28 01:33:39
Bitcoin,I don't understand how I will use BTC when I'm retired?,"Hello, Can someone explain how I can use the BTC to actually pay my expenses once I'm retired? I'd l",https://www.reddit.com/r/Bitcoin/comments/1dp77o0/i_dont_understand_how_i_will_use_btc_when_im/,0.9232,19,2024-06-26 15:28:12,2024-06-28 01:33:39
Bitcoin,Help need ideas for legit purchases,I occasionally purchase bitcoin but it's on my bank statement as money I've sent to coinbase. I don',https://www.reddit.com/r/Bitcoin/comments/1dpjun3/help_need_ideas_for_legit_purchases/,0.7529,3,2024-06-27 01:39:39,2024-06-28 01:33:39
Bitcoin,how to fix my utxos,"hello tycoons, i just learned more about utxos and potential threats to high fees once the main netw",https://www.reddit.com/r/Bitcoin/comments/1dpjjnw/how_to_fix_my_utxos/,-0.1645,2,2024-06-27 01:20:07,2024-06-28 01:33:39
Bitcoin,help me get my money back from Blockchain.com,"I have an account created in 2016 on blockchain.info (now blockchain.com, however I only use the use",https://www.reddit.com/r/Bitcoin/comments/1dpjd7f/help_me_get_my_money_back_from_blockchaincom/,0.4303,4,2024-06-27 01:09:06,2024-06-28 01:33:39
Bitcoin,Coinbase Authentication Issues,Hi all - I buy BTC on a monthly basis and transfer this to cold storage as soon as I buy. Have been ,https://www.reddit.com/r/Bitcoin/comments/1dpo837/coinbase_authentication_issues/,0.6232,1,2024-06-27 06:42:31,2024-06-28 01:33:39
Bitcoin,Bitcoin is already at 100k,"Look, we all know that given a long enough period of time, Bitcoin is clearly going to continue to g",https://www.reddit.com/r/Bitcoin/comments/1dq58u0/bitcoin_is_already_at_100k/,0.9925,0,2024-06-27 19:24:08,2024-06-28 01:33:39
Bitcoin,George,What do you think of this creator? https://youtu.be/lKnZT7nzd8I?si=5xxN_miEBqGf82bk I don’t mind him,https://www.reddit.com/r/Bitcoin/comments/1dpgp1q/george/,0.0,6,2024-06-26 22:39:47,2024-06-28 01:33:39
Bitcoin,BTC YouTubers,Are there any good channels for rational and objective btc content without too much clickbait s**t? ,https://www.reddit.com/r/Bitcoin/comments/1dp1u84/btc_youtubers/,0.9168,21,2024-06-26 11:46:58,2024-06-28 01:33:39
Bitcoin,Why Bitcoin Matters — The Real Value Of BTC Beyond Its Volatility,,https://www.reddit.com/r/Bitcoin/comments/1dovynf/why_bitcoin_matters_the_real_value_of_btc_beyond/,0.3612,48,2024-06-26 07:09:08,2024-06-28 01:33:39
Bitcoin,Turn GC into crypto,"Hello, can I turn my 10 dollar Amazon gift card into crypto? If so, how is it? Iam a newbie",https://www.reddit.com/r/Bitcoin/comments/1dpm5tp/turn_gc_into_crypto/,0.6072,0,2024-06-27 04:18:59,2024-06-28 01:33:39
Bitcoin,Immediate and Long-Term Effects of Bitcoin's Fourth Halving,,https://www.reddit.com/r/Bitcoin/comments/1doy6kj/immediate_and_longterm_effects_of_bitcoins_fourth/,0.0,38,2024-06-26 09:07:16,2024-06-28 01:33:39
Bitcoin,A Bitcoin song,"Hi all, I thought to share my Bitcoin song. Hope you'll like it. I generated it with Suno, trying to",https://www.reddit.com/r/Bitcoin/comments/1dplxgl/a_bitcoin_song/,0.872,0,2024-06-27 04:01:56,2024-06-28 01:33:39
Bitcoin,What your agreements against tail emission forks in the future?,"As the block subsidy decreases and miners rewards drop, how are we outta deal with network security ",https://www.reddit.com/r/Bitcoin/comments/1dpr0ju/what_your_agreements_against_tail_emission_forks/,0.6341,0,2024-06-27 09:15:14,2024-06-28 01:33:39
Bitcoin,Julian Assange is FREE,,https://www.reddit.com/r/Bitcoin/comments/1do4ttg/julian_assange_is_free/,0.6166,2226,2024-06-25 08:30:38,2024-06-28 01:33:39
Bitcoin,"Exactly 5 years ago, the first Bitcoin themed watch was released by Franck Muller.",,https://www.reddit.com/r/Bitcoin/comments/1dpqxmm/exactly_5_years_ago_the_first_bitcoin_themed/,0.0,0,2024-06-27 09:11:16,2024-06-28 01:33:39
Bitcoin,idealMoney{bitcoin{math}},,https://www.reddit.com/r/Bitcoin/comments/1dpi8y6/idealmoneybitcoinmath/,0.0,0,2024-06-27 00:03:45,2024-06-28 01:33:39
Bitcoin,Selling property for BTC in Spain,"Selling property for 4 BTC Spain Throwaway account... Selling my 3 bd. Apartment in Málaga, Spain in",https://www.reddit.com/r/Bitcoin/comments/1dp6p1n/selling_property_for_btc_in_spain/,0.9191,9,2024-06-26 15:06:49,2024-06-28 01:33:39
Bitcoin,"If you aren't using self custody, are the etfs better?",I don't plan on doing self custody likely until sometime after this 12-18 month post-halving run. So,https://www.reddit.com/r/Bitcoin/comments/1dp1yxl/if_you_arent_using_self_custody_are_the_etfs/,0.8092,9,2024-06-26 11:52:23,2024-06-28 01:33:39
Bitcoin,BlackRock's spot #Bitcoin ETF did $1.1 billion in trading volume today WE ARE SO BACK🚀🚀🚀,,https://www.reddit.com/r/Bitcoin/comments/1doh4j3/blackrocks_spot_bitcoin_etf_did_11_billion_in/,0.0,273,2024-06-25 17:18:28,2024-06-28 01:33:39
Bitcoin,An apple a day keeps the Fiat away,I’m seeing more and more talk about Bitcoin than I ever had. Anyone want to share a new thought on B,https://www.reddit.com/r/Bitcoin/comments/1doxvkg/an_apple_a_day_keeps_the_fiat_away/,0.3612,11,2024-06-26 08:52:37,2024-06-28 01:33:39
Bitcoin,"DCA Tools (Roundup, autopayments, etc)",Which dollar cost averaging tools do ya'll reccomend. I heard of RoundlyX a lot but they recently sh,https://www.reddit.com/r/Bitcoin/comments/1dpfrry/dca_tools_roundup_autopayments_etc/,-0.677,1,2024-06-26 21:53:32,2024-06-28 01:33:39
Bitcoin,Total newb to Bitcoin need specific help regarding Russia.,Hi all my wife is Russian and needs to return to Russia for a several weeks to handle some family af,https://www.reddit.com/r/Bitcoin/comments/1dp06ie/total_newb_to_bitcoin_need_specific_help/,0.9273,7,2024-06-26 10:38:09,2024-06-28 01:33:39
Bitcoin,The most legendary Bitcoin clip!,,https://www.reddit.com/r/Bitcoin/comments/1do4ts0/the_most_legendary_bitcoin_clip/,0.0,860,2024-06-25 08:30:35,2024-06-28 01:33:39
Bitcoin,Would you consider BTC a speculative bubble?,"The answer is probably no, but why? Some regular stock traders would say it’s the biggest bubble of ",https://www.reddit.com/r/Bitcoin/comments/1dprchk/would_you_consider_btc_a_speculative_bubble/,0.6072,0,2024-06-27 09:30:53,2024-06-28 01:33:39
Bitcoin,Why Bitcoin Takes All with Michael Goldstein — What Bitcoin Did,,https://www.reddit.com/r/Bitcoin/comments/1doxxed/why_bitcoin_takes_all_with_michael_goldstein_what/,0.0,7,2024-06-26 08:55:06,2024-06-28 01:33:39
Bitcoin,Anybody elses portfolio look like this? [OC],,https://www.reddit.com/r/Bitcoin/comments/1do77us/anybody_elses_portfolio_look_like_this_oc/,0.3612,495,2024-06-25 10:22:37,2024-06-28 01:33:39
Bitcoin,Got Bitcoin?,,https://www.reddit.com/r/Bitcoin/comments/1dpd7kt/got_bitcoin/,0.0,0,2024-06-26 19:46:32,2024-06-28 01:33:39
Bitcoin,How Does Bitcoin fix illegal fishing?,Trying to think through this one,https://www.reddit.com/r/Bitcoin/comments/1dpd1jw/how_does_bitcoin_fix_illegal_fishing/,-0.5574,0,2024-06-26 19:38:24,2024-06-28 01:33:39
Bitcoin,Thank you guys. Fiat isn't it anymore.,I haven't been here for long. So when I joined I learned that we all need our personal freedom with ,https://www.reddit.com/r/Bitcoin/comments/1dof80l/thank_you_guys_fiat_isnt_it_anymore/,0.975,158,2024-06-25 15:59:47,2024-06-28 01:33:39
Bitcoin,Bitcoin Painting 'Bitcollector' that visualizes Bitcoin Collectibles is on Auction on The Bitcoin Forum exclusively for Bitcoin.,,https://www.reddit.com/r/Bitcoin/comments/1dpk5u5/bitcoin_painting_bitcollector_that_visualizes/,0.0,0,2024-06-27 02:00:09,2024-06-28 01:33:39
Bitcoin,Sticking with 100% BTC this bullrun,"I've dca into btc since 2022,i know that from now alts can and probably will outperform btc but im s",https://www.reddit.com/r/Bitcoin/comments/1do98tr/sticking_with_100_btc_this_bullrun/,-0.5267,286,2024-06-25 11:49:00,2024-06-28 01:33:39
Bitcoin,"Daily Discussion, June 26, 2024",Please utilize this sticky thread for all general **Bitcoin** discussions! If you see posts on the f,https://www.reddit.com/r/Bitcoin/comments/1dorkyf/daily_discussion_june_26_2024/,0.9272,21,2024-06-26 02:08:29,2024-06-28 01:33:39
Bitcoin,"Nubank, Latin America's Largest Fintech Bank, Integrates Bitcoin Lightning Payments Via Lightspark",,https://www.reddit.com/r/Bitcoin/comments/1donkp4/nubank_latin_americas_largest_fintech_bank/,0.0,40,2024-06-25 22:19:44,2024-06-28 01:33:39
Bitcoin,Strike App UK quizz answers,"BS UK financial regulation. I failed my 1st try yesterday, had to wait 24 hours and passed on my 2nd",https://www.reddit.com/r/Bitcoin/comments/1dovbff/strike_app_uk_quizz_answers/,-0.971,9,2024-06-26 06:29:03,2024-06-28 01:33:39
Bitcoin,PushTX.org - NFC tap to push signed transactions,,https://www.reddit.com/r/Bitcoin/comments/1dpabkn/pushtxorg_nfc_tap_to_push_signed_transactions/,-0.6633,0,2024-06-26 17:37:34,2024-06-28 01:33:39
Bitcoin,The latest Bitcoin Breakdown newsletter issue is now live. See sneak peeks of the Feature Stories and Tools &amp; Projects sections below. Full issue link is in the comments.,,https://www.reddit.com/r/Bitcoin/comments/1dosttq/the_latest_bitcoin_breakdown_newsletter_issue_is/,0.0,14,2024-06-26 03:33:42,2024-06-28 01:33:39
Bitcoin,"Can only send $12 of bitcoin, Why is this?",,https://www.reddit.com/r/Bitcoin/comments/1dou2tl/can_only_send_12_of_bitcoin_why_is_this/,0.0,11,2024-06-26 05:04:02,2024-06-28 01:33:39
Bitcoin,Bitcoin and Data Corruption,"Those who know more about Bitcoin than i do, i'm hopeful you can help clear up an issue i hypothesis",https://www.reddit.com/r/Bitcoin/comments/1dox23p/bitcoin_and_data_corruption/,0.9062,6,2024-06-26 08:11:07,2024-06-28 01:33:39
Bitcoin,What is your strategy,"Let's say you have some amount of Bitcoins in your hardware wallet. And, let's say late 2025 we'll h",https://www.reddit.com/r/Bitcoin/comments/1doqyod/what_is_your_strategy/,0.9089,13,2024-06-26 01:28:17,2024-06-28 01:33:39
Bitcoin,$130 Trillion of capital from the bond markets will be searching for a store of value in the next decade,,https://www.reddit.com/r/Bitcoin/comments/1do5f5c/130_trillion_of_capital_from_the_bond_markets/,0.34,295,2024-06-25 09:00:14,2024-06-28 01:33:39
Bitcoin,Cause of dip?,This article states the reason BTC dipped is because 40x BTC were transferred to CoinBase and the ma,https://www.reddit.com/r/Bitcoin/comments/1dpbxo5/cause_of_dip/,-0.6486,0,2024-06-26 18:47:43,2024-06-28 01:33:39
Bitcoin,Can't find my wallet/bitcoin,About 3 years ago bought some bitcoin and have recently found it after losing it only I can't actual,https://www.reddit.com/r/Bitcoin/comments/1doxuif/cant_find_my_walletbitcoin/,-0.7346,4,2024-06-26 08:51:10,2024-06-28 01:33:39
Bitcoin,Cash App direct deposit fiat into bitcoin reliability and questions?,I've heard that you can have your paycheck or portion of paycheck sent to Cash App as a direct depos,https://www.reddit.com/r/Bitcoin/comments/1dovzt0/cash_app_direct_deposit_fiat_into_bitcoin/,0.8541,3,2024-06-26 07:11:03,2024-06-28 01:33:39
Bitcoin,When alt coin supporters criticize Bitcoin,,https://www.reddit.com/r/Bitcoin/comments/1do9vhk/when_alt_coin_supporters_criticize_bitcoin/,0.0772,130,2024-06-25 12:15:01,2024-06-28 01:33:39
Bitcoin,Could smart contracts work on Bitcoin Blockchain?,"Could smart contracts work on the Bitcoin blockchain? I’m not a fan of proof of stake, but I see the",https://www.reddit.com/r/Bitcoin/comments/1dp5zkn/could_smart_contracts_work_on_bitcoin_blockchain/,0.9654,0,2024-06-26 14:37:37,2024-06-28 01:33:39
Bitcoin,"I don’t trust hw wallets no more, with their need to firmware-update at first use. What do I do?",I’ve just got a Jade and I really don’t like that I needed internet connection to do a firmware upda,https://www.reddit.com/r/Bitcoin/comments/1dpff2c/i_dont_trust_hw_wallets_no_more_with_their_need/,0.9192,0,2024-06-26 21:35:37,2024-06-28 01:33:39
Bitcoin,How to? Noobie things..,"So I had some crypto stuff going on years ago, but can't remember too much of it. I'd want to start ",https://www.reddit.com/r/Bitcoin/comments/1dp8xng/how_to_noobie_things/,0.8229,0,2024-06-26 16:40:01,2024-06-28 01:33:39
Bitcoin,Florida-based US Congressman Matt Gaetz introduced a bill to allow certain federal taxes be paid with bitcoin,,https://www.reddit.com/r/Bitcoin/comments/1do9gik/floridabased_us_congressman_matt_gaetz_introduced/,0.4588,92,2024-06-25 11:57:59,2024-06-28 01:33:39
Bitcoin,'Sounds Like Freedom' Bitcoin Poster,,https://www.reddit.com/r/Bitcoin/comments/1doe71b/sounds_like_freedom_bitcoin_poster/,0.7717,47,2024-06-25 15:15:43,2024-06-28 01:33:39
Bitcoin,In Kenya thousands are marching against corruption and new tax laws. The government answers with abductions and brutality. Now bank accounts are being frozen. Use self-custody Bitcoin. It can’t be shut down.,,https://www.reddit.com/r/Bitcoin/comments/1do1vmm/in_kenya_thousands_are_marching_against/,-0.7906,285,2024-06-25 05:29:11,2024-06-28 01:33:39
Bitcoin,New to Bitcoin. How do I ensure the safety of my funds?,I am in the process of moving a sizeable amount of fiat into bitcoin. It feels weird to see the numb,https://www.reddit.com/r/Bitcoin/comments/1doowuy/new_to_bitcoin_how_do_i_ensure_the_safety_of_my/,0.8732,9,2024-06-25 23:28:47,2024-06-28 01:33:39
